DV,F_interaction,p_interaction,eta_sq_partial
P_post,0.5787002454922072,0.4481488866316675,0.004268371391998561
GR_post,2.129225417624438,0.1468366709346171,0.015527145370652555
Reckless,0.3549629998890396,0.5523146070344082,0.00262246017450672
Negligent,0.26472290162596396,0.6077351571456824,0.0019570727381631433
Blame,0.4769707978941735,0.49098336114734187,0.0035206780538791574
Punish,2.373089401104039,0.12578327384921875,0.017274776387790597
