DV,F_interaction,p_interaction,eta_sq_partial
P_post,5.487804878048777,0.02553131281924627,0.14638906961613526
GR_post,0.025518341307814562,0.8740863248648622,0.0007968127490039706
Reckless,0.09411764705882286,0.7609937487419901,0.002932551319648073
Negligent,0.11940298507462552,0.7319442520510453,0.003717472118959066
Blame,0.7529411764705852,0.3920074979151861,0.022988505747126346
Punish,0.1839080459770094,0.6709092838600403,0.005714285714285649
