DV,F_interaction,p_interaction,eta_sq_partial
P_post,9.89411764705873,0.0026541322491017874,0.1501517586145319
GR_post,0.060693641618500487,0.8063037723856017,0.0010826416456153616
Reckless,0.03698811096433522,0.8481849958511669,0.0006600660066007016
Negligent,0.3326996197718712,0.5663852715464457,0.005905976848570896
Blame,1.6341223770558374e-28,1.0,2.9180756733139952e-30
Punish,0.3660130718954443,0.5476293670091523,0.0064935064935068365
