DV,F_interaction,p_interaction,eta_sq_partial
P_post,0.1698113207547203,0.6911001412028146,0.020785219399538507
GR_post,0.45000000000000095,0.5212274578537044,0.05325443786982259
Reckless,4.4999999999999485,0.06668800000000129,0.3599999999999973
Negligent,1.2779546664580385e-28,1.0,1.597443333072548e-29
Blame,0.6666666666666562,0.4378516218045221,0.07692307692307582
Punish,2.2857142857142523,0.16902020301917256,0.2222222222222197
