DV,t_no,p_no,CI_no,d_no,CI_d_no,t_exp,p_exp,CI_exp,d_exp,CI_d_exp,p_mod,delta_d,CI_delta
P_post,6.143086795105622,3.2724656971362232e-09,"(0.48, 0.94)",0.7093425629618932,"(0.48, 0.94)",0.0,1.0,"(-0.23, 0.23)",0.0,"(-0.23, 0.23)",,0.7093425629618932,"(0.41, 1.03)"
GR_post,-8.850555604063132,2.5611809199794837e-16,"(-1.26, -0.78)",-1.0219741320967202,"(-1.26, -0.78)",-6.641261651256011,2.1763400559667472e-10,"(-1.00, -0.53)",-0.7668668404222794,"(-1.00, -0.53)",,-0.2551072916744408,"(-0.59, 0.07)"
Reckless,15.161913463180674,7.027257909354714e-39,"(1.48, 2.02)",1.7507469638794346,"(1.48, 2.02)",11.624521920090316,5.324301269137777e-26,"(1.09, 1.59)",1.34228417195297,"(1.09, 1.59)",,0.40846279192646473,"(-0.02, 0.86)"
Negligent,19.660247922001908,1.0392647071409982e-51,"(1.98, 2.56)",2.2701698860205166,"(1.98, 2.56)",15.100718137836441,3.5408708940934503e-37,"(1.48, 2.01)",1.7436807363673066,"(1.48, 2.01)",,0.52648914965321,"(0.13, 0.97)"
Blame,29.21525430157409,1.7781964911837272e-84,"(3.02, 3.73)",3.373486987091435,"(3.02, 3.73)",21.843101605250595,9.639345783400877e-61,"(2.22, 2.83)",2.5222241183455556,"(2.22, 2.83)",,0.8512628687458794,"(0.31, 1.40)"
Punish,35.52993620503388,3.8336200973611214e-104,"(3.70, 4.50)",4.102643646453308,"(3.70, 4.50)",29.273074571145276,9.098055279516677e-88,"(3.03, 3.73)",3.380163496731743,"(3.03, 3.73)",,0.7224801497215654,"(0.11, 1.42)"
