DV,t_no,p_no,CI_no,d_no,CI_d_no,t_exp,p_exp,CI_exp,d_exp,CI_d_exp,p_mod,delta_d,CI_delta
P_post,6.083844579791981,1.7573973049525378e-08,"(0.61, 1.24)",0.9224301346756832,"(0.61, 1.24)",0.16432082689538885,0.8697106498009648,"(-0.30, 0.35)",0.02729256979435019,"(-0.30, 0.35)",,0.895137564881333,"(0.52, 1.30)"
GR_post,-7.321309285286398,4.6596682349756316e-11,"(-1.43, -0.79)",-1.1100540491223356,"(-1.43, -0.79)",-4.986451530728248,3.0526317010357286e-06,"(-1.17, -0.49)",-0.8304450088292264,"(-1.17, -0.49)",,-0.2796090402931092,"(-0.63, 0.04)"
Reckless,15.44065439275234,7.550218281265165e-34,"(1.95, 2.73)",2.34110597734471,"(1.95, 2.73)",14.442276241368969,6.2790887853438785e-28,"(1.97, 2.82)",2.394962501002286,"(1.97, 2.82)",,-0.053856523657576094,"(-0.80, 0.71)"
Negligent,17.88316373098099,2.530258939451029e-36,"(2.30, 3.12)",2.7114382874915783,"(2.30, 3.12)",14.503019846934645,1.1467574614378613e-25,"(1.97, 2.83)",2.4027468718269382,"(1.97, 2.83)",,0.3086914156646401,"(-0.26, 0.84)"
Blame,24.950405352874075,1.885379759275533e-54,"(3.28, 4.28)",3.7829706969028867,"(3.28, 4.28)",20.72909974486884,1.2192844845493186e-37,"(2.92, 3.95)",3.4348414912528353,"(2.92, 3.95)",,0.34812920565005134,"(-0.53, 1.16)"
Punish,29.005662957542565,7.200787350205354e-67,"(3.85, 4.95)",4.397827268164417,"(3.85, 4.95)",23.165486366886128,5.237811169912764e-50,"(3.29, 4.40)",3.846138616752725,"(3.29, 4.40)",,0.5516886514116921,"(-0.32, 1.42)"
