DV,t_no,p_no,CI_no,d_no,CI_d_no,t_exp,p_exp,CI_exp,d_exp,CI_d_exp,p_mod
P_post,0.40499179757748754,0.6879610543890458,"(-0.30, 0.48)",0.09393655255348547,"(-0.30, 0.48)",-0.9723968188696689,0.34488413675510576,"(-1.32, 0.45)",-0.434869077619426,"(-1.32, 0.45)",
GR_post,-0.26152385358692815,0.7950417950121837,"(-0.45, 0.33)",-0.05657686367263618,"(-0.45, 0.33)",0.2338390881714402,0.8178874981059088,"(-0.77, 0.98)",0.10457601938958147,"(-0.77, 0.98)",
Reckless,12.802625832145166,9.569160215438004e-20,"(1.81, 2.74)",2.2724114430791604,"(1.81, 2.74)",3.671060328818341,0.002548221394120474,"(0.61, 2.67)",1.6417480889481082,"(0.61, 2.67)",
Negligent,18.337823806927894,5.127842635590311e-40,"(2.13, 3.10)",2.614069925668496,"(2.13, 3.10)",3.5793525540078286,0.0022088567519188518,"(0.58, 2.62)",1.6007351252397983,"(0.58, 2.62)",
Blame,18.313562313714343,3.449770855967756e-34,"(2.40, 3.42)",2.911583907491929,"(2.40, 3.42)",3.90199486285854,0.0011654066101592859,"(0.70, 2.79)",1.745025152241333,"(0.70, 2.79)",
Punish,15.955144232125528,4.451541768321415e-21,"(2.62, 3.67)",3.146931994349088,"(2.62, 3.67)",4.6017899330842225,0.00025207806376047843,"(0.95, 3.16)",2.0579830217101063,"(0.95, 3.16)",
