DV,t_no,p_no,CI_no,d_no,CI_d_no,t_exp,p_exp,CI_exp,d_exp,CI_d_exp,p_mod,delta_d,CI_delta
P_post,1.7952210983459136,0.07880031767871412,"(-0.05, 0.98)",0.4635240944435941,"(-0.05, 0.98)",-0.7209945523335335,0.4742450738862858,"(-0.69, 0.32)",-0.18615999292626978,"(-0.69, 0.32)",,0.6496840873698639,"(-0.08, 1.30)"
GR_post,-2.8499887357486804,0.006563864159996485,"(-1.26, -0.21)",-0.7358639273622248,"(-1.26, -0.21)",0.3070584143409145,0.7599136368179555,"(-0.43, 0.59)",0.0792821416703479,"(-0.43, 0.59)",,-0.8151460690325727,"(-1.54, -0.15)"
Reckless,9.429933964148965,3.1823612595970497e-12,"(1.76, 3.11)",2.4347984799323092,"(1.76, 3.11)",6.1893681675809935,8.910675124818717e-08,"(1.01, 2.18)",1.5980879891058335,"(1.01, 2.18)",,0.8367104908264758,"(-0.18, 2.00)"
Negligent,7.230607868004258,1.739463376989975e-08,"(1.26, 2.48)",1.866934923715787,"(1.26, 2.48)",6.040187991092821,2.4714851296703866e-07,"(0.98, 2.14)",1.5595698331643018,"(0.98, 2.14)",,0.3073650905514853,"(-0.35, 1.09)"
Blame,9.132383682934371,1.2081084212217121e-11,"(1.69, 3.02)",2.357971327678745,"(1.69, 3.02)",6.846776651495498,1.3786284067682543e-08,"(1.17, 2.37)",1.7678301297629235,"(1.17, 2.37)",,0.5901411979158215,"(-0.23, 1.47)"
Punish,9.675172679393876,4.690301116281066e-13,"(1.82, 3.18)",2.498118843931565,"(1.82, 3.18)",7.200645965854827,1.8279415658671076e-09,"(1.25, 2.47)",1.8591987938460912,"(1.25, 2.47)",,0.6389200500854737,"(-0.15, 1.57)"
